[
  {
    "countryCode": "AF",
    "countryName": "Afghanistan",
    "continent": "Asia",
    "region": "South Asia",
    "currencyCode": "AFN",
    "currencyName": "Afghani",
    "flagEmoji": "🇦🇫",
    "baselineCost": 0,
    "nightlyCost": 0
  },
  {
    "countryCode": "AL",
    "countryName": "Albania",
    "continent": "Europe",
    "region": "Europe & Central Asia",
    "currencyCode": "ALL",
    "currencyName": "Lek",
    "flagEmoji": "🇦🇱",
    "baselineCost": 0,
    "nightlyCost": 0
  },
  {
    "countryCode": "DZ",
    "countryName": "Algeria",
    "continent": "Africa",
    "region": "Middle East & North Africa",
    "currencyCode": "DZD",
    "currencyName": "Algerian Dinar",
    "flagEmoji": "🇩🇿",
    "baselineCost": 0,
    "nightlyCost": 0
  },
  {
    "countryCode": "AS",
    "countryName": "American Samoa",
    "continent": "Oceania",
    "region": "East Asia & Pacific",
    "currencyCode": "USD",
    "currencyName": "US Dollar",
    "flagEmoji": "🇦🇸",
    "baselineCost": 0,
    "nightlyCost": 0
  },
  {
    "countryCode": "AD",
    "countryName": "Andorra",
    "continent": "Europe",
    "region": "Europe & Central Asia",
    "currencyCode": "EUR",
    "currencyName": "Euro",
    "flagEmoji": "🇦🇩",
    "baselineCost": 0,
    "nightlyCost": 0
  },
  {
    "countryCode": "AO",
    "countryName": "Angola",
    "continent": "Africa",
    "region": "Sub-Saharan Africa",
    "currencyCode": "AOA",
    "currencyName": "Kwanza",
    "flagEmoji": "🇦🇴",
    "baselineCost": 0,
    "nightlyCost": 0
  },
  {
    "countryCode": "AI",
    "countryName": "Anguilla",
    "continent": "North America",
    "region": "Latin America & Caribbean",
    "currencyCode": "XCD",
    "currencyName": "East Caribbean Dollar",
    "flagEmoji": "🇦🇮",
    "baselineCost": 0,
    "nightlyCost": 0
  },
  {
    "countryCode": "AQ",
    "countryName": "Antarctica",
    "continent": "Antarctica",
    "region": "Antarctica",
    "currencyCode": "USD",
    "currencyName": "No universal currency",
    "flagEmoji": "🇦🇶",
    "baselineCost": 0,
    "nightlyCost": 0
  },
  {
    "countryCode": "AG",
    "countryName": "Antigua and Barbuda",
    "continent": "North America",
    "region": "Latin America & Caribbean",
    "currencyCode": "XCD",
    "currencyName": "East Caribbean Dollar",
    "flagEmoji": "🇦🇬",
    "baselineCost": 0,
    "nightlyCost": 0
  },
  {
    "countryCode": "AR",
    "countryName": "Argentina",
    "continent": "South America",
    "region": "Latin America & Caribbean",
    "currencyCode": "ARS",
    "currencyName": "Argentine Peso",
    "flagEmoji": "🇦🇷",
    "baselineCost": 0,
    "nightlyCost": 0
  },
  {
    "countryCode": "AM",
    "countryName": "Armenia",
    "continent": "Asia",
    "region": "Europe & Central Asia",
    "currencyCode": "AMD",
    "currencyName": "Armenian Dram",
    "flagEmoji": "🇦🇲",
    "baselineCost": 0,
    "nightlyCost": 0
  },
  {
    "countryCode": "AW",
    "countryName": "Aruba",
    "continent": "North America",
    "region": "Latin America & Caribbean",
    "currencyCode": "AWG",
    "currencyName": "Aruban Florin",
    "flagEmoji": "🇦🇼",
    "baselineCost": 0,
    "nightlyCost": 0
  },
  {
    "countryCode": "AU",
    "countryName": "Australia",
    "continent": "Oceania",
    "region": "East Asia & Pacific",
    "currencyCode": "AUD",
    "currencyName": "Australian Dollar",
    "flagEmoji": "🇦🇺",
    "baselineCost": 0,
    "nightlyCost": 0
  },
  {
    "countryCode": "AT",
    "countryName": "Austria",
    "continent": "Europe",
    "region": "Europe & Central Asia",
    "currencyCode": "EUR",
    "currencyName": "Euro",
    "flagEmoji": "🇦🇹",
    "baselineCost": 0,
    "nightlyCost": 0
  },
  {
    "countryCode": "AZ",
    "countryName": "Azerbaijan",
    "continent": "Asia",
    "region": "Europe & Central Asia",
    "currencyCode": "AZN",
    "currencyName": "Azerbaijan Manat",
    "flagEmoji": "🇦🇿",
    "baselineCost": 0,
    "nightlyCost": 0
  },
  {
    "countryCode": "BS",
    "countryName": "Bahamas",
    "continent": "North America",
    "region": "Latin America & Caribbean",
    "currencyCode": "BSD",
    "currencyName": "Bahamian Dollar",
    "flagEmoji": "🇧🇸",
    "baselineCost": 0,
    "nightlyCost": 0
  },
  {
    "countryCode": "BH",
    "countryName": "Bahrain",
    "continent": "Asia",
    "region": "Middle East & North Africa",
    "currencyCode": "BHD",
    "currencyName": "Bahraini Dinar",
    "flagEmoji": "🇧🇭",
    "baselineCost": 0,
    "nightlyCost": 0
  },
  {
    "countryCode": "BD",
    "countryName": "Bangladesh",
    "continent": "Asia",
    "region": "South Asia",
    "currencyCode": "BDT",
    "currencyName": "Taka",
    "flagEmoji": "🇧🇩",
    "baselineCost": 0,
    "nightlyCost": 0
  },
  {
    "countryCode": "BB",
    "countryName": "Barbados",
    "continent": "North America",
    "region": "Latin America & Caribbean",
    "currencyCode": "BBD",
    "currencyName": "Barbados Dollar",
    "flagEmoji": "🇧🇧",
    "baselineCost": 0,
    "nightlyCost": 0
  },
  {
    "countryCode": "BY",
    "countryName": "Belarus",
    "continent": "Europe",
    "region": "Europe & Central Asia",
    "currencyCode": "BYN",
    "currencyName": "Belarusian Ruble",
    "flagEmoji": "🇧🇾",
    "baselineCost": 0,
    "nightlyCost": 0
  },
  {
    "countryCode": "BE",
    "countryName": "Belgium",
    "continent": "Europe",
    "region": "Europe & Central Asia",
    "currencyCode": "EUR",
    "currencyName": "Euro",
    "flagEmoji": "🇧🇪",
    "baselineCost": 0,
    "nightlyCost": 0
  },
  {
    "countryCode": "BZ",
    "countryName": "Belize",
    "continent": "North America",
    "region": "Latin America & Caribbean",
    "currencyCode": "BZD",
    "currencyName": "Belize Dollar",
    "flagEmoji": "🇧🇿",
    "baselineCost": 0,
    "nightlyCost": 0
  },
  {
    "countryCode": "BJ",
    "countryName": "Benin",
    "continent": "Africa",
    "region": "Sub-Saharan Africa",
    "currencyCode": "XOF",
    "currencyName": "CFA Franc BCEAO",
    "flagEmoji": "🇧🇯",
    "baselineCost": 0,
    "nightlyCost": 0
  },
  {
    "countryCode": "BM",
    "countryName": "Bermuda",
    "continent": "North America",
    "region": "North America",
    "currencyCode": "BMD",
    "currencyName": "Bermudian Dollar",
    "flagEmoji": "🇧🇲",
    "baselineCost": 0,
    "nightlyCost": 0
  },
  {
    "countryCode": "BT",
    "countryName": "Bhutan",
    "continent": "Asia",
    "region": "South Asia",
    "currencyCode": "INR",
    "currencyName": "Indian Rupee",
    "flagEmoji": "🇧🇹",
    "baselineCost": 0,
    "nightlyCost": 0
  },
  {
    "countryCode": "BO",
    "countryName": "Bolivia",
    "continent": "South America",
    "region": "Latin America & Caribbean",
    "currencyCode": "BOB",
    "currencyName": "Boliviano",
    "flagEmoji": "🇧🇴",
    "baselineCost": 0,
    "nightlyCost": 0
  },
  {
    "countryCode": "BQ",
    "countryName": "Bonaire, Sint Eustatius and Saba",
    "continent": "North America",
    "region": "Latin America & Caribbean",
    "currencyCode": "USD",
    "currencyName": "US Dollar",
    "flagEmoji": "🇧🇶",
    "baselineCost": 0,
    "nightlyCost": 0
  },
  {
    "countryCode": "BA",
    "countryName": "Bosnia and Herzegovina",
    "continent": "Europe",
    "region": "Europe & Central Asia",
    "currencyCode": "BAM",
    "currencyName": "Convertible Mark",
    "flagEmoji": "🇧🇦",
    "baselineCost": 0,
    "nightlyCost": 0
  },
  {
    "countryCode": "BW",
    "countryName": "Botswana",
    "continent": "Africa",
    "region": "Sub-Saharan Africa",
    "currencyCode": "BWP",
    "currencyName": "Pula",
    "flagEmoji": "🇧🇼",
    "baselineCost": 0,
    "nightlyCost": 0
  },
  {
    "countryCode": "BV",
    "countryName": "Bouvet Island",
    "continent": "Antarctica",
    "region": "Europe & Central Asia",
    "currencyCode": "NOK",
    "currencyName": "Norwegian Krone",
    "flagEmoji": "🇧🇻",
    "baselineCost": 0,
    "nightlyCost": 0
  },
  {
    "countryCode": "BR",
    "countryName": "Brazil",
    "continent": "South America",
    "region": "Latin America & Caribbean",
    "currencyCode": "BRL",
    "currencyName": "Brazilian Real",
    "flagEmoji": "🇧🇷",
    "baselineCost": 0,
    "nightlyCost": 0
  },
  {
    "countryCode": "IO",
    "countryName": "British Indian Ocean Territory",
    "continent": "Asia",
    "region": "South Asia",
    "currencyCode": "USD",
    "currencyName": "US Dollar",
    "flagEmoji": "🇮🇴",
    "baselineCost": 0,
    "nightlyCost": 0
  },
  {
    "countryCode": "VG",
    "countryName": "British Virgin Islands",
    "continent": "North America",
    "region": "Latin America & Caribbean",
    "currencyCode": "USD",
    "currencyName": "US Dollar",
    "flagEmoji": "🇻🇬",
    "baselineCost": 0,
    "nightlyCost": 0
  },
  {
    "countryCode": "BN",
    "countryName": "Brunei Darussalam",
    "continent": "Asia",
    "region": "East Asia & Pacific",
    "currencyCode": "BND",
    "currencyName": "Brunei Dollar",
    "flagEmoji": "🇧🇳",
    "baselineCost": 0,
    "nightlyCost": 0
  },
  {
    "countryCode": "BG",
    "countryName": "Bulgaria",
    "continent": "Europe",
    "region": "Europe & Central Asia",
    "currencyCode": "EUR",
    "currencyName": "Euro",
    "flagEmoji": "🇧🇬",
    "baselineCost": 0,
    "nightlyCost": 0
  },
  {
    "countryCode": "BF",
    "countryName": "Burkina Faso",
    "continent": "Africa",
    "region": "Sub-Saharan Africa",
    "currencyCode": "XOF",
    "currencyName": "CFA Franc BCEAO",
    "flagEmoji": "🇧🇫",
    "baselineCost": 0,
    "nightlyCost": 0
  },
  {
    "countryCode": "BI",
    "countryName": "Burundi",
    "continent": "Africa",
    "region": "Sub-Saharan Africa",
    "currencyCode": "BIF",
    "currencyName": "Burundi Franc",
    "flagEmoji": "🇧🇮",
    "baselineCost": 0,
    "nightlyCost": 0
  },
  {
    "countryCode": "KH",
    "countryName": "Cambodia",
    "continent": "Asia",
    "region": "East Asia & Pacific",
    "currencyCode": "KHR",
    "currencyName": "Riel",
    "flagEmoji": "🇰🇭",
    "baselineCost": 0,
    "nightlyCost": 0
  },
  {
    "countryCode": "CM",
    "countryName": "Cameroon",
    "continent": "Africa",
    "region": "Sub-Saharan Africa",
    "currencyCode": "XAF",
    "currencyName": "CFA Franc BEAC",
    "flagEmoji": "🇨🇲",
    "baselineCost": 0,
    "nightlyCost": 0
  },
  {
    "countryCode": "CA",
    "countryName": "Canada",
    "continent": "North America",
    "region": "North America",
    "currencyCode": "CAD",
    "currencyName": "Canadian Dollar",
    "flagEmoji": "🇨🇦",
    "baselineCost": 0,
    "nightlyCost": 0
  },
  {
    "countryCode": "KY",
    "countryName": "Cayman Islands",
    "continent": "North America",
    "region": "Latin America & Caribbean",
    "currencyCode": "KYD",
    "currencyName": "Cayman Islands Dollar",
    "flagEmoji": "🇰🇾",
    "baselineCost": 0,
    "nightlyCost": 0
  },
  {
    "countryCode": "CF",
    "countryName": "Central African Republic",
    "continent": "Africa",
    "region": "Sub-Saharan Africa",
    "currencyCode": "XAF",
    "currencyName": "CFA Franc BEAC",
    "flagEmoji": "🇨🇫",
    "baselineCost": 0,
    "nightlyCost": 0
  },
  {
    "countryCode": "TD",
    "countryName": "Chad",
    "continent": "Africa",
    "region": "Sub-Saharan Africa",
    "currencyCode": "XAF",
    "currencyName": "CFA Franc BEAC",
    "flagEmoji": "🇹🇩",
    "baselineCost": 0,
    "nightlyCost": 0
  },
  {
    "countryCode": "CL",
    "countryName": "Chile",
    "continent": "South America",
    "region": "Latin America & Caribbean",
    "currencyCode": "CLP",
    "currencyName": "Chilean Peso",
    "flagEmoji": "🇨🇱",
    "baselineCost": 0,
    "nightlyCost": 0
  },
  {
    "countryCode": "CN",
    "countryName": "China",
    "continent": "Asia",
    "region": "East Asia & Pacific",
    "currencyCode": "CNY",
    "currencyName": "Yuan Renminbi",
    "flagEmoji": "🇨🇳",
    "baselineCost": 0,
    "nightlyCost": 0
  },
  {
    "countryCode": "CX",
    "countryName": "Christmas Island",
    "continent": "Oceania",
    "region": "East Asia & Pacific",
    "currencyCode": "AUD",
    "currencyName": "Australian Dollar",
    "flagEmoji": "🇨🇽",
    "baselineCost": 0,
    "nightlyCost": 0
  },
  {
    "countryCode": "CC",
    "countryName": "Cocos (Keeling) Islands",
    "continent": "Oceania",
    "region": "East Asia & Pacific",
    "currencyCode": "AUD",
    "currencyName": "Australian Dollar",
    "flagEmoji": "🇨🇨",
    "baselineCost": 0,
    "nightlyCost": 0
  },
  {
    "countryCode": "CO",
    "countryName": "Colombia",
    "continent": "South America",
    "region": "Latin America & Caribbean",
    "currencyCode": "COP",
    "currencyName": "Colombian Peso",
    "flagEmoji": "🇨🇴",
    "baselineCost": 0,
    "nightlyCost": 0
  },
  {
    "countryCode": "KM",
    "countryName": "Comoros",
    "continent": "Africa",
    "region": "Sub-Saharan Africa",
    "currencyCode": "KMF",
    "currencyName": "Comorian Franc",
    "flagEmoji": "🇰🇲",
    "baselineCost": 0,
    "nightlyCost": 0
  },
  {
    "countryCode": "CK",
    "countryName": "Cook Islands",
    "continent": "Oceania",
    "region": "East Asia & Pacific",
    "currencyCode": "NZD",
    "currencyName": "New Zealand Dollar",
    "flagEmoji": "🇨🇰",
    "baselineCost": 0,
    "nightlyCost": 0
  },
  {
    "countryCode": "CR",
    "countryName": "Costa Rica",
    "continent": "North America",
    "region": "Latin America & Caribbean",
    "currencyCode": "CRC",
    "currencyName": "Costa Rican Colon",
    "flagEmoji": "🇨🇷",
    "baselineCost": 0,
    "nightlyCost": 0
  },
  {
    "countryCode": "HR",
    "countryName": "Croatia",
    "continent": "Europe",
    "region": "Europe & Central Asia",
    "currencyCode": "EUR",
    "currencyName": "Euro",
    "flagEmoji": "🇭🇷",
    "baselineCost": 0,
    "nightlyCost": 0
  },
  {
    "countryCode": "CU",
    "countryName": "Cuba",
    "continent": "North America",
    "region": "Latin America & Caribbean",
    "currencyCode": "CUP",
    "currencyName": "Cuban Peso",
    "flagEmoji": "🇨🇺",
    "baselineCost": 0,
    "nightlyCost": 0
  },
  {
    "countryCode": "CW",
    "countryName": "Curaçao",
    "continent": "North America",
    "region": "Latin America & Caribbean",
    "currencyCode": "XCG",
    "currencyName": "Caribbean Guilder",
    "flagEmoji": "🇨🇼",
    "baselineCost": 0,
    "nightlyCost": 0
  },
  {
    "countryCode": "CY",
    "countryName": "Cyprus",
    "continent": "Asia",
    "region": "Europe & Central Asia",
    "currencyCode": "EUR",
    "currencyName": "Euro",
    "flagEmoji": "🇨🇾",
    "baselineCost": 0,
    "nightlyCost": 0
  },
  {
    "countryCode": "CZ",
    "countryName": "Czech Republic",
    "continent": "Europe",
    "region": "Europe & Central Asia",
    "currencyCode": "CZK",
    "currencyName": "Czech Koruna",
    "flagEmoji": "🇨🇿",
    "baselineCost": 0,
    "nightlyCost": 0
  },
  {
    "countryCode": "CI",
    "countryName": "Côte d'Ivoire",
    "continent": "Africa",
    "region": "Sub-Saharan Africa",
    "currencyCode": "XOF",
    "currencyName": "CFA Franc BCEAO",
    "flagEmoji": "🇨🇮",
    "baselineCost": 0,
    "nightlyCost": 0
  },
  {
    "countryCode": "KP",
    "countryName": "Dem. Rep. Korea",
    "continent": "Asia",
    "region": "East Asia & Pacific",
    "currencyCode": "KPW",
    "currencyName": "North Korean Won",
    "flagEmoji": "🇰🇵",
    "baselineCost": 0,
    "nightlyCost": 0
  },
  {
    "countryCode": "CD",
    "countryName": "Democratic Republic of the Congo",
    "continent": "Africa",
    "region": "Sub-Saharan Africa",
    "currencyCode": "CDF",
    "currencyName": "Congolese Franc",
    "flagEmoji": "🇨🇩",
    "baselineCost": 0,
    "nightlyCost": 0
  },
  {
    "countryCode": "DK",
    "countryName": "Denmark",
    "continent": "Europe",
    "region": "Europe & Central Asia",
    "currencyCode": "DKK",
    "currencyName": "Danish Krone",
    "flagEmoji": "🇩🇰",
    "baselineCost": 0,
    "nightlyCost": 0
  },
  {
    "countryCode": "DJ",
    "countryName": "Djibouti",
    "continent": "Africa",
    "region": "Middle East & North Africa",
    "currencyCode": "DJF",
    "currencyName": "Djibouti Franc",
    "flagEmoji": "🇩🇯",
    "baselineCost": 0,
    "nightlyCost": 0
  },
  {
    "countryCode": "DM",
    "countryName": "Dominica",
    "continent": "North America",
    "region": "Latin America & Caribbean",
    "currencyCode": "XCD",
    "currencyName": "East Caribbean Dollar",
    "flagEmoji": "🇩🇲",
    "baselineCost": 0,
    "nightlyCost": 0
  },
  {
    "countryCode": "DO",
    "countryName": "Dominican Republic",
    "continent": "North America",
    "region": "Latin America & Caribbean",
    "currencyCode": "DOP",
    "currencyName": "Dominican Peso",
    "flagEmoji": "🇩🇴",
    "baselineCost": 0,
    "nightlyCost": 0
  },
  {
    "countryCode": "EC",
    "countryName": "Ecuador",
    "continent": "South America",
    "region": "Latin America & Caribbean",
    "currencyCode": "USD",
    "currencyName": "US Dollar",
    "flagEmoji": "🇪🇨",
    "baselineCost": 0,
    "nightlyCost": 0
  },
  {
    "countryCode": "EG",
    "countryName": "Egypt",
    "continent": "Africa",
    "region": "Middle East & North Africa",
    "currencyCode": "EGP",
    "currencyName": "Egyptian Pound",
    "flagEmoji": "🇪🇬",
    "baselineCost": 0,
    "nightlyCost": 0
  },
  {
    "countryCode": "SV",
    "countryName": "El Salvador",
    "continent": "North America",
    "region": "Latin America & Caribbean",
    "currencyCode": "SVC",
    "currencyName": "El Salvador Colon",
    "flagEmoji": "🇸🇻",
    "baselineCost": 0,
    "nightlyCost": 0
  },
  {
    "countryCode": "GQ",
    "countryName": "Equatorial Guinea",
    "continent": "Africa",
    "region": "Sub-Saharan Africa",
    "currencyCode": "XAF",
    "currencyName": "CFA Franc BEAC",
    "flagEmoji": "🇬🇶",
    "baselineCost": 0,
    "nightlyCost": 0
  },
  {
    "countryCode": "ER",
    "countryName": "Eritrea",
    "continent": "Africa",
    "region": "Sub-Saharan Africa",
    "currencyCode": "ERN",
    "currencyName": "Nakfa",
    "flagEmoji": "🇪🇷",
    "baselineCost": 0,
    "nightlyCost": 0
  },
  {
    "countryCode": "EE",
    "countryName": "Estonia",
    "continent": "Europe",
    "region": "Europe & Central Asia",
    "currencyCode": "EUR",
    "currencyName": "Euro",
    "flagEmoji": "🇪🇪",
    "baselineCost": 0,
    "nightlyCost": 0
  },
  {
    "countryCode": "ET",
    "countryName": "Ethiopia",
    "continent": "Africa",
    "region": "Sub-Saharan Africa",
    "currencyCode": "ETB",
    "currencyName": "Ethiopian Birr",
    "flagEmoji": "🇪🇹",
    "baselineCost": 0,
    "nightlyCost": 0
  },
  {
    "countryCode": "FO",
    "countryName": "Faeroe Islands",
    "continent": "Europe",
    "region": "Europe & Central Asia",
    "currencyCode": "DKK",
    "currencyName": "Danish Krone",
    "flagEmoji": "🇫🇴",
    "baselineCost": 0,
    "nightlyCost": 0
  },
  {
    "countryCode": "FK",
    "countryName": "Falkland Islands / Malvinas",
    "continent": "South America",
    "region": "Latin America & Caribbean",
    "currencyCode": "FKP",
    "currencyName": "Falkland Islands Pound",
    "flagEmoji": "🇫🇰",
    "baselineCost": 0,
    "nightlyCost": 0
  },
  {
    "countryCode": "FM",
    "countryName": "Federated States of Micronesia",
    "continent": "Oceania",
    "region": "East Asia & Pacific",
    "currencyCode": "USD",
    "currencyName": "US Dollar",
    "flagEmoji": "🇫🇲",
    "baselineCost": 0,
    "nightlyCost": 0
  },
  {
    "countryCode": "FJ",
    "countryName": "Fiji",
    "continent": "Oceania",
    "region": "East Asia & Pacific",
    "currencyCode": "FJD",
    "currencyName": "Fiji Dollar",
    "flagEmoji": "🇫🇯",
    "baselineCost": 0,
    "nightlyCost": 0
  },
  {
    "countryCode": "FI",
    "countryName": "Finland",
    "continent": "Europe",
    "region": "Europe & Central Asia",
    "currencyCode": "EUR",
    "currencyName": "Euro",
    "flagEmoji": "🇫🇮",
    "baselineCost": 0,
    "nightlyCost": 0
  },
  {
    "countryCode": "FR",
    "countryName": "France",
    "continent": "Europe",
    "region": "Europe & Central Asia",
    "currencyCode": "EUR",
    "currencyName": "Euro",
    "flagEmoji": "🇫🇷",
    "baselineCost": 0,
    "nightlyCost": 0
  },
  {
    "countryCode": "GF",
    "countryName": "French Guiana",
    "continent": "South America",
    "region": "Latin America & Caribbean",
    "currencyCode": "EUR",
    "currencyName": "Euro",
    "flagEmoji": "🇬🇫",
    "baselineCost": 0,
    "nightlyCost": 0
  },
  {
    "countryCode": "PF",
    "countryName": "French Polynesia",
    "continent": "Oceania",
    "region": "East Asia & Pacific",
    "currencyCode": "XPF",
    "currencyName": "CFP Franc",
    "flagEmoji": "🇵🇫",
    "baselineCost": 0,
    "nightlyCost": 0
  },
  {
    "countryCode": "TF",
    "countryName": "French Southern and Antarctic Lands",
    "continent": "Seven seas (open ocean)",
    "region": "Sub-Saharan Africa",
    "currencyCode": "EUR",
    "currencyName": "Euro",
    "flagEmoji": "🇹🇫",
    "baselineCost": 0,
    "nightlyCost": 0
  },
  {
    "countryCode": "GA",
    "countryName": "Gabon",
    "continent": "Africa",
    "region": "Sub-Saharan Africa",
    "currencyCode": "XAF",
    "currencyName": "CFA Franc BEAC",
    "flagEmoji": "🇬🇦",
    "baselineCost": 0,
    "nightlyCost": 0
  },
  {
    "countryCode": "GE",
    "countryName": "Georgia",
    "continent": "Asia",
    "region": "Europe & Central Asia",
    "currencyCode": "GEL",
    "currencyName": "Lari",
    "flagEmoji": "🇬🇪",
    "baselineCost": 0,
    "nightlyCost": 0
  },
  {
    "countryCode": "DE",
    "countryName": "Germany",
    "continent": "Europe",
    "region": "Europe & Central Asia",
    "currencyCode": "EUR",
    "currencyName": "Euro",
    "flagEmoji": "🇩🇪",
    "baselineCost": 0,
    "nightlyCost": 0
  },
  {
    "countryCode": "GH",
    "countryName": "Ghana",
    "continent": "Africa",
    "region": "Sub-Saharan Africa",
    "currencyCode": "GHS",
    "currencyName": "Ghana Cedi",
    "flagEmoji": "🇬🇭",
    "baselineCost": 0,
    "nightlyCost": 0
  },
  {
    "countryCode": "GI",
    "countryName": "Gibraltar",
    "continent": "Europe",
    "region": "Europe & Central Asia",
    "currencyCode": "GIP",
    "currencyName": "Gibraltar Pound",
    "flagEmoji": "🇬🇮",
    "baselineCost": 0,
    "nightlyCost": 0
  },
  {
    "countryCode": "GR",
    "countryName": "Greece",
    "continent": "Europe",
    "region": "Europe & Central Asia",
    "currencyCode": "EUR",
    "currencyName": "Euro",
    "flagEmoji": "🇬🇷",
    "baselineCost": 0,
    "nightlyCost": 0
  },
  {
    "countryCode": "GL",
    "countryName": "Greenland",
    "continent": "North America",
    "region": "Europe & Central Asia",
    "currencyCode": "DKK",
    "currencyName": "Danish Krone",
    "flagEmoji": "🇬🇱",
    "baselineCost": 0,
    "nightlyCost": 0
  },
  {
    "countryCode": "GD",
    "countryName": "Grenada",
    "continent": "North America",
    "region": "Latin America & Caribbean",
    "currencyCode": "XCD",
    "currencyName": "East Caribbean Dollar",
    "flagEmoji": "🇬🇩",
    "baselineCost": 0,
    "nightlyCost": 0
  },
  {
    "countryCode": "GP",
    "countryName": "Guadeloupe",
    "continent": "North America",
    "region": "Latin America & Caribbean",
    "currencyCode": "EUR",
    "currencyName": "Euro",
    "flagEmoji": "🇬🇵",
    "baselineCost": 0,
    "nightlyCost": 0
  },
  {
    "countryCode": "GU",
    "countryName": "Guam",
    "continent": "Oceania",
    "region": "East Asia & Pacific",
    "currencyCode": "USD",
    "currencyName": "US Dollar",
    "flagEmoji": "🇬🇺",
    "baselineCost": 0,
    "nightlyCost": 0
  },
  {
    "countryCode": "GT",
    "countryName": "Guatemala",
    "continent": "North America",
    "region": "Latin America & Caribbean",
    "currencyCode": "GTQ",
    "currencyName": "Quetzal",
    "flagEmoji": "🇬🇹",
    "baselineCost": 0,
    "nightlyCost": 0
  },
  {
    "countryCode": "GG",
    "countryName": "Guernsey",
    "continent": "Europe",
    "region": "Europe & Central Asia",
    "currencyCode": "GBP",
    "currencyName": "Pound Sterling",
    "flagEmoji": "🇬🇬",
    "baselineCost": 0,
    "nightlyCost": 0
  },
  {
    "countryCode": "GN",
    "countryName": "Guinea",
    "continent": "Africa",
    "region": "Sub-Saharan Africa",
    "currencyCode": "GNF",
    "currencyName": "Guinean Franc",
    "flagEmoji": "🇬🇳",
    "baselineCost": 0,
    "nightlyCost": 0
  },
  {
    "countryCode": "GW",
    "countryName": "Guinea-Bissau",
    "continent": "Africa",
    "region": "Sub-Saharan Africa",
    "currencyCode": "XOF",
    "currencyName": "CFA Franc BCEAO",
    "flagEmoji": "🇬🇼",
    "baselineCost": 0,
    "nightlyCost": 0
  },
  {
    "countryCode": "GY",
    "countryName": "Guyana",
    "continent": "South America",
    "region": "Latin America & Caribbean",
    "currencyCode": "GYD",
    "currencyName": "Guyana Dollar",
    "flagEmoji": "🇬🇾",
    "baselineCost": 0,
    "nightlyCost": 0
  },
  {
    "countryCode": "HT",
    "countryName": "Haiti",
    "continent": "North America",
    "region": "Latin America & Caribbean",
    "currencyCode": "HTG",
    "currencyName": "Gourde",
    "flagEmoji": "🇭🇹",
    "baselineCost": 0,
    "nightlyCost": 0
  },
  {
    "countryCode": "HM",
    "countryName": "Heard I. and McDonald Islands",
    "continent": "Antarctica",
    "region": "East Asia & Pacific",
    "currencyCode": "AUD",
    "currencyName": "Australian Dollar",
    "flagEmoji": "🇭🇲",
    "baselineCost": 0,
    "nightlyCost": 0
  },
  {
    "countryCode": "HN",
    "countryName": "Honduras",
    "continent": "North America",
    "region": "Latin America & Caribbean",
    "currencyCode": "HNL",
    "currencyName": "Lempira",
    "flagEmoji": "🇭🇳",
    "baselineCost": 0,
    "nightlyCost": 0
  },
  {
    "countryCode": "HK",
    "countryName": "Hong Kong",
    "continent": "Asia",
    "region": "East Asia & Pacific",
    "currencyCode": "HKD",
    "currencyName": "Hong Kong Dollar",
    "flagEmoji": "🇭🇰",
    "baselineCost": 0,
    "nightlyCost": 0
  },
  {
    "countryCode": "HU",
    "countryName": "Hungary",
    "continent": "Europe",
    "region": "Europe & Central Asia",
    "currencyCode": "HUF",
    "currencyName": "Forint",
    "flagEmoji": "🇭🇺",
    "baselineCost": 0,
    "nightlyCost": 0
  },
  {
    "countryCode": "IS",
    "countryName": "Iceland",
    "continent": "Europe",
    "region": "Europe & Central Asia",
    "currencyCode": "ISK",
    "currencyName": "Iceland Krona",
    "flagEmoji": "🇮🇸",
    "baselineCost": 0,
    "nightlyCost": 0
  },
  {
    "countryCode": "IN",
    "countryName": "India",
    "continent": "Asia",
    "region": "South Asia",
    "currencyCode": "INR",
    "currencyName": "Indian Rupee",
    "flagEmoji": "🇮🇳",
    "baselineCost": 0,
    "nightlyCost": 0
  },
  {
    "countryCode": "ID",
    "countryName": "Indonesia",
    "continent": "Asia",
    "region": "East Asia & Pacific",
    "currencyCode": "IDR",
    "currencyName": "Rupiah",
    "flagEmoji": "🇮🇩",
    "baselineCost": 0,
    "nightlyCost": 0
  },
  {
    "countryCode": "IR",
    "countryName": "Iran",
    "continent": "Asia",
    "region": "Middle East & North Africa",
    "currencyCode": "IRR",
    "currencyName": "Iranian Rial",
    "flagEmoji": "🇮🇷",
    "baselineCost": 0,
    "nightlyCost": 0
  },
  {
    "countryCode": "IQ",
    "countryName": "Iraq",
    "continent": "Asia",
    "region": "Middle East & North Africa",
    "currencyCode": "IQD",
    "currencyName": "Iraqi Dinar",
    "flagEmoji": "🇮🇶",
    "baselineCost": 0,
    "nightlyCost": 0
  },
  {
    "countryCode": "IE",
    "countryName": "Ireland",
    "continent": "Europe",
    "region": "Europe & Central Asia",
    "currencyCode": "EUR",
    "currencyName": "Euro",
    "flagEmoji": "🇮🇪",
    "baselineCost": 0,
    "nightlyCost": 0
  },
  {
    "countryCode": "IM",
    "countryName": "Isle of Man",
    "continent": "Europe",
    "region": "Europe & Central Asia",
    "currencyCode": "GBP",
    "currencyName": "Pound Sterling",
    "flagEmoji": "🇮🇲",
    "baselineCost": 0,
    "nightlyCost": 0
  },
  {
    "countryCode": "IL",
    "countryName": "Israel",
    "continent": "Asia",
    "region": "Middle East & North Africa",
    "currencyCode": "ILS",
    "currencyName": "New Israeli Sheqel",
    "flagEmoji": "🇮🇱",
    "baselineCost": 0,
    "nightlyCost": 0
  },
  {
    "countryCode": "IT",
    "countryName": "Italy",
    "continent": "Europe",
    "region": "Europe & Central Asia",
    "currencyCode": "EUR",
    "currencyName": "Euro",
    "flagEmoji": "🇮🇹",
    "baselineCost": 0,
    "nightlyCost": 0
  },
  {
    "countryCode": "JM",
    "countryName": "Jamaica",
    "continent": "North America",
    "region": "Latin America & Caribbean",
    "currencyCode": "JMD",
    "currencyName": "Jamaican Dollar",
    "flagEmoji": "🇯🇲",
    "baselineCost": 0,
    "nightlyCost": 0
  },
  {
    "countryCode": "JP",
    "countryName": "Japan",
    "continent": "Asia",
    "region": "East Asia & Pacific",
    "currencyCode": "JPY",
    "currencyName": "Yen",
    "flagEmoji": "🇯🇵",
    "baselineCost": 0,
    "nightlyCost": 0
  },
  {
    "countryCode": "JE",
    "countryName": "Jersey",
    "continent": "Europe",
    "region": "Europe & Central Asia",
    "currencyCode": "GBP",
    "currencyName": "Pound Sterling",
    "flagEmoji": "🇯🇪",
    "baselineCost": 0,
    "nightlyCost": 0
  },
  {
    "countryCode": "JO",
    "countryName": "Jordan",
    "continent": "Asia",
    "region": "Middle East & North Africa",
    "currencyCode": "JOD",
    "currencyName": "Jordanian Dinar",
    "flagEmoji": "🇯🇴",
    "baselineCost": 0,
    "nightlyCost": 0
  },
  {
    "countryCode": "KZ",
    "countryName": "Kazakhstan",
    "continent": "Asia",
    "region": "Europe & Central Asia",
    "currencyCode": "KZT",
    "currencyName": "Tenge",
    "flagEmoji": "🇰🇿",
    "baselineCost": 0,
    "nightlyCost": 0
  },
  {
    "countryCode": "KE",
    "countryName": "Kenya",
    "continent": "Africa",
    "region": "Sub-Saharan Africa",
    "currencyCode": "KES",
    "currencyName": "Kenyan Shilling",
    "flagEmoji": "🇰🇪",
    "baselineCost": 0,
    "nightlyCost": 0
  },
  {
    "countryCode": "SZ",
    "countryName": "Kingdom of eSwatini",
    "continent": "Africa",
    "region": "Sub-Saharan Africa",
    "currencyCode": "SZL",
    "currencyName": "Lilangeni",
    "flagEmoji": "🇸🇿",
    "baselineCost": 0,
    "nightlyCost": 0
  },
  {
    "countryCode": "KI",
    "countryName": "Kiribati",
    "continent": "Oceania",
    "region": "East Asia & Pacific",
    "currencyCode": "AUD",
    "currencyName": "Australian Dollar",
    "flagEmoji": "🇰🇮",
    "baselineCost": 0,
    "nightlyCost": 0
  },
  {
    "countryCode": "XK",
    "countryName": "Kosovo",
    "continent": "Europe",
    "region": "Europe & Central Asia",
    "currencyCode": "USD",
    "currencyName": "US Dollar",
    "flagEmoji": "🇽🇰",
    "baselineCost": 0,
    "nightlyCost": 0
  },
  {
    "countryCode": "KW",
    "countryName": "Kuwait",
    "continent": "Asia",
    "region": "Middle East & North Africa",
    "currencyCode": "KWD",
    "currencyName": "Kuwaiti Dinar",
    "flagEmoji": "🇰🇼",
    "baselineCost": 0,
    "nightlyCost": 0
  },
  {
    "countryCode": "KG",
    "countryName": "Kyrgyzstan",
    "continent": "Asia",
    "region": "Europe & Central Asia",
    "currencyCode": "KGS",
    "currencyName": "Som",
    "flagEmoji": "🇰🇬",
    "baselineCost": 0,
    "nightlyCost": 0
  },
  {
    "countryCode": "LA",
    "countryName": "Lao PDR",
    "continent": "Asia",
    "region": "East Asia & Pacific",
    "currencyCode": "LAK",
    "currencyName": "Lao Kip",
    "flagEmoji": "🇱🇦",
    "baselineCost": 0,
    "nightlyCost": 0
  },
  {
    "countryCode": "LV",
    "countryName": "Latvia",
    "continent": "Europe",
    "region": "Europe & Central Asia",
    "currencyCode": "EUR",
    "currencyName": "Euro",
    "flagEmoji": "🇱🇻",
    "baselineCost": 0,
    "nightlyCost": 0
  },
  {
    "countryCode": "LB",
    "countryName": "Lebanon",
    "continent": "Asia",
    "region": "Middle East & North Africa",
    "currencyCode": "LBP",
    "currencyName": "Lebanese Pound",
    "flagEmoji": "🇱🇧",
    "baselineCost": 0,
    "nightlyCost": 0
  },
  {
    "countryCode": "LS",
    "countryName": "Lesotho",
    "continent": "Africa",
    "region": "Sub-Saharan Africa",
    "currencyCode": "LSL",
    "currencyName": "Loti",
    "flagEmoji": "🇱🇸",
    "baselineCost": 0,
    "nightlyCost": 0
  },
  {
    "countryCode": "LR",
    "countryName": "Liberia",
    "continent": "Africa",
    "region": "Sub-Saharan Africa",
    "currencyCode": "LRD",
    "currencyName": "Liberian Dollar",
    "flagEmoji": "🇱🇷",
    "baselineCost": 0,
    "nightlyCost": 0
  },
  {
    "countryCode": "LY",
    "countryName": "Libya",
    "continent": "Africa",
    "region": "Middle East & North Africa",
    "currencyCode": "LYD",
    "currencyName": "Libyan Dinar",
    "flagEmoji": "🇱🇾",
    "baselineCost": 0,
    "nightlyCost": 0
  },
  {
    "countryCode": "LI",
    "countryName": "Liechtenstein",
    "continent": "Europe",
    "region": "Europe & Central Asia",
    "currencyCode": "CHF",
    "currencyName": "Swiss Franc",
    "flagEmoji": "🇱🇮",
    "baselineCost": 0,
    "nightlyCost": 0
  },
  {
    "countryCode": "LT",
    "countryName": "Lithuania",
    "continent": "Europe",
    "region": "Europe & Central Asia",
    "currencyCode": "EUR",
    "currencyName": "Euro",
    "flagEmoji": "🇱🇹",
    "baselineCost": 0,
    "nightlyCost": 0
  },
  {
    "countryCode": "LU",
    "countryName": "Luxembourg",
    "continent": "Europe",
    "region": "Europe & Central Asia",
    "currencyCode": "EUR",
    "currencyName": "Euro",
    "flagEmoji": "🇱🇺",
    "baselineCost": 0,
    "nightlyCost": 0
  },
  {
    "countryCode": "MO",
    "countryName": "Macao",
    "continent": "Asia",
    "region": "East Asia & Pacific",
    "currencyCode": "MOP",
    "currencyName": "Pataca",
    "flagEmoji": "🇲🇴",
    "baselineCost": 0,
    "nightlyCost": 0
  },
  {
    "countryCode": "MG",
    "countryName": "Madagascar",
    "continent": "Africa",
    "region": "Sub-Saharan Africa",
    "currencyCode": "MGA",
    "currencyName": "Malagasy Ariary",
    "flagEmoji": "🇲🇬",
    "baselineCost": 0,
    "nightlyCost": 0
  },
  {
    "countryCode": "MW",
    "countryName": "Malawi",
    "continent": "Africa",
    "region": "Sub-Saharan Africa",
    "currencyCode": "MWK",
    "currencyName": "Malawi Kwacha",
    "flagEmoji": "🇲🇼",
    "baselineCost": 0,
    "nightlyCost": 0
  },
  {
    "countryCode": "MY",
    "countryName": "Malaysia",
    "continent": "Asia",
    "region": "East Asia & Pacific",
    "currencyCode": "MYR",
    "currencyName": "Malaysian Ringgit",
    "flagEmoji": "🇲🇾",
    "baselineCost": 0,
    "nightlyCost": 0
  },
  {
    "countryCode": "MV",
    "countryName": "Maldives",
    "continent": "Asia",
    "region": "South Asia",
    "currencyCode": "MVR",
    "currencyName": "Rufiyaa",
    "flagEmoji": "🇲🇻",
    "baselineCost": 0,
    "nightlyCost": 0
  },
  {
    "countryCode": "ML",
    "countryName": "Mali",
    "continent": "Africa",
    "region": "Sub-Saharan Africa",
    "currencyCode": "XOF",
    "currencyName": "CFA Franc BCEAO",
    "flagEmoji": "🇲🇱",
    "baselineCost": 0,
    "nightlyCost": 0
  },
  {
    "countryCode": "MT",
    "countryName": "Malta",
    "continent": "Europe",
    "region": "Europe & Central Asia",
    "currencyCode": "EUR",
    "currencyName": "Euro",
    "flagEmoji": "🇲🇹",
    "baselineCost": 0,
    "nightlyCost": 0
  },
  {
    "countryCode": "MH",
    "countryName": "Marshall Islands",
    "continent": "Oceania",
    "region": "East Asia & Pacific",
    "currencyCode": "USD",
    "currencyName": "US Dollar",
    "flagEmoji": "🇲🇭",
    "baselineCost": 0,
    "nightlyCost": 0
  },
  {
    "countryCode": "MQ",
    "countryName": "Martinique",
    "continent": "North America",
    "region": "Latin America & Caribbean",
    "currencyCode": "EUR",
    "currencyName": "Euro",
    "flagEmoji": "🇲🇶",
    "baselineCost": 0,
    "nightlyCost": 0
  },
  {
    "countryCode": "MR",
    "countryName": "Mauritania",
    "continent": "Africa",
    "region": "Sub-Saharan Africa",
    "currencyCode": "MRU",
    "currencyName": "Ouguiya",
    "flagEmoji": "🇲🇷",
    "baselineCost": 0,
    "nightlyCost": 0
  },
  {
    "countryCode": "MU",
    "countryName": "Mauritius",
    "continent": "Africa",
    "region": "Sub-Saharan Africa",
    "currencyCode": "MUR",
    "currencyName": "Mauritius Rupee",
    "flagEmoji": "🇲🇺",
    "baselineCost": 0,
    "nightlyCost": 0
  },
  {
    "countryCode": "YT",
    "countryName": "Mayotte",
    "continent": "Africa",
    "region": "Sub-Saharan Africa",
    "currencyCode": "EUR",
    "currencyName": "Euro",
    "flagEmoji": "🇾🇹",
    "baselineCost": 0,
    "nightlyCost": 0
  },
  {
    "countryCode": "MX",
    "countryName": "Mexico",
    "continent": "North America",
    "region": "Latin America & Caribbean",
    "currencyCode": "MXN",
    "currencyName": "Mexican Peso",
    "flagEmoji": "🇲🇽",
    "baselineCost": 0,
    "nightlyCost": 0
  },
  {
    "countryCode": "MD",
    "countryName": "Moldova",
    "continent": "Europe",
    "region": "Europe & Central Asia",
    "currencyCode": "MDL",
    "currencyName": "Moldovan Leu",
    "flagEmoji": "🇲🇩",
    "baselineCost": 0,
    "nightlyCost": 0
  },
  {
    "countryCode": "MC",
    "countryName": "Monaco",
    "continent": "Europe",
    "region": "Europe & Central Asia",
    "currencyCode": "EUR",
    "currencyName": "Euro",
    "flagEmoji": "🇲🇨",
    "baselineCost": 0,
    "nightlyCost": 0
  },
  {
    "countryCode": "MN",
    "countryName": "Mongolia",
    "continent": "Asia",
    "region": "East Asia & Pacific",
    "currencyCode": "MNT",
    "currencyName": "Tugrik",
    "flagEmoji": "🇲🇳",
    "baselineCost": 0,
    "nightlyCost": 0
  },
  {
    "countryCode": "ME",
    "countryName": "Montenegro",
    "continent": "Europe",
    "region": "Europe & Central Asia",
    "currencyCode": "EUR",
    "currencyName": "Euro",
    "flagEmoji": "🇲🇪",
    "baselineCost": 0,
    "nightlyCost": 0
  },
  {
    "countryCode": "MS",
    "countryName": "Montserrat",
    "continent": "North America",
    "region": "Latin America & Caribbean",
    "currencyCode": "XCD",
    "currencyName": "East Caribbean Dollar",
    "flagEmoji": "🇲🇸",
    "baselineCost": 0,
    "nightlyCost": 0
  },
  {
    "countryCode": "MA",
    "countryName": "Morocco",
    "continent": "Africa",
    "region": "Middle East & North Africa",
    "currencyCode": "MAD",
    "currencyName": "Moroccan Dirham",
    "flagEmoji": "🇲🇦",
    "baselineCost": 0,
    "nightlyCost": 0
  },
  {
    "countryCode": "MZ",
    "countryName": "Mozambique",
    "continent": "Africa",
    "region": "Sub-Saharan Africa",
    "currencyCode": "MZN",
    "currencyName": "Mozambique Metical",
    "flagEmoji": "🇲🇿",
    "baselineCost": 0,
    "nightlyCost": 0
  },
  {
    "countryCode": "MM",
    "countryName": "Myanmar",
    "continent": "Asia",
    "region": "East Asia & Pacific",
    "currencyCode": "MMK",
    "currencyName": "Kyat",
    "flagEmoji": "🇲🇲",
    "baselineCost": 0,
    "nightlyCost": 0
  },
  {
    "countryCode": "NA",
    "countryName": "Namibia",
    "continent": "Africa",
    "region": "Sub-Saharan Africa",
    "currencyCode": "NAD",
    "currencyName": "Namibia Dollar",
    "flagEmoji": "🇳🇦",
    "baselineCost": 0,
    "nightlyCost": 0
  },
  {
    "countryCode": "NR",
    "countryName": "Nauru",
    "continent": "Oceania",
    "region": "East Asia & Pacific",
    "currencyCode": "AUD",
    "currencyName": "Australian Dollar",
    "flagEmoji": "🇳🇷",
    "baselineCost": 0,
    "nightlyCost": 0
  },
  {
    "countryCode": "NP",
    "countryName": "Nepal",
    "continent": "Asia",
    "region": "South Asia",
    "currencyCode": "NPR",
    "currencyName": "Nepalese Rupee",
    "flagEmoji": "🇳🇵",
    "baselineCost": 0,
    "nightlyCost": 0
  },
  {
    "countryCode": "NL",
    "countryName": "Netherlands",
    "continent": "Europe",
    "region": "Europe & Central Asia",
    "currencyCode": "EUR",
    "currencyName": "Euro",
    "flagEmoji": "🇳🇱",
    "baselineCost": 0,
    "nightlyCost": 0
  },
  {
    "countryCode": "NC",
    "countryName": "New Caledonia",
    "continent": "Oceania",
    "region": "East Asia & Pacific",
    "currencyCode": "XPF",
    "currencyName": "CFP Franc",
    "flagEmoji": "🇳🇨",
    "baselineCost": 0,
    "nightlyCost": 0
  },
  {
    "countryCode": "NZ",
    "countryName": "New Zealand",
    "continent": "Oceania",
    "region": "East Asia & Pacific",
    "currencyCode": "NZD",
    "currencyName": "New Zealand Dollar",
    "flagEmoji": "🇳🇿",
    "baselineCost": 0,
    "nightlyCost": 0
  },
  {
    "countryCode": "NI",
    "countryName": "Nicaragua",
    "continent": "North America",
    "region": "Latin America & Caribbean",
    "currencyCode": "NIO",
    "currencyName": "Cordoba Oro",
    "flagEmoji": "🇳🇮",
    "baselineCost": 0,
    "nightlyCost": 0
  },
  {
    "countryCode": "NE",
    "countryName": "Niger",
    "continent": "Africa",
    "region": "Sub-Saharan Africa",
    "currencyCode": "XOF",
    "currencyName": "CFA Franc BCEAO",
    "flagEmoji": "🇳🇪",
    "baselineCost": 0,
    "nightlyCost": 0
  },
  {
    "countryCode": "NG",
    "countryName": "Nigeria",
    "continent": "Africa",
    "region": "Sub-Saharan Africa",
    "currencyCode": "NGN",
    "currencyName": "Naira",
    "flagEmoji": "🇳🇬",
    "baselineCost": 0,
    "nightlyCost": 0
  },
  {
    "countryCode": "NU",
    "countryName": "Niue",
    "continent": "Oceania",
    "region": "East Asia & Pacific",
    "currencyCode": "NZD",
    "currencyName": "New Zealand Dollar",
    "flagEmoji": "🇳🇺",
    "baselineCost": 0,
    "nightlyCost": 0
  },
  {
    "countryCode": "NF",
    "countryName": "Norfolk Island",
    "continent": "Oceania",
    "region": "East Asia & Pacific",
    "currencyCode": "AUD",
    "currencyName": "Australian Dollar",
    "flagEmoji": "🇳🇫",
    "baselineCost": 0,
    "nightlyCost": 0
  },
  {
    "countryCode": "MK",
    "countryName": "North Macedonia",
    "continent": "Europe",
    "region": "Europe & Central Asia",
    "currencyCode": "MKD",
    "currencyName": "Denar",
    "flagEmoji": "🇲🇰",
    "baselineCost": 0,
    "nightlyCost": 0
  },
  {
    "countryCode": "MP",
    "countryName": "Northern Mariana Islands",
    "continent": "Oceania",
    "region": "East Asia & Pacific",
    "currencyCode": "USD",
    "currencyName": "US Dollar",
    "flagEmoji": "🇲🇵",
    "baselineCost": 0,
    "nightlyCost": 0
  },
  {
    "countryCode": "NO",
    "countryName": "Norway",
    "continent": "Europe",
    "region": "Europe & Central Asia",
    "currencyCode": "NOK",
    "currencyName": "Norwegian Krone",
    "flagEmoji": "🇳🇴",
    "baselineCost": 0,
    "nightlyCost": 0
  },
  {
    "countryCode": "OM",
    "countryName": "Oman",
    "continent": "Asia",
    "region": "Middle East & North Africa",
    "currencyCode": "OMR",
    "currencyName": "Rial Omani",
    "flagEmoji": "🇴🇲",
    "baselineCost": 0,
    "nightlyCost": 0
  },
  {
    "countryCode": "PK",
    "countryName": "Pakistan",
    "continent": "Asia",
    "region": "South Asia",
    "currencyCode": "PKR",
    "currencyName": "Pakistan Rupee",
    "flagEmoji": "🇵🇰",
    "baselineCost": 0,
    "nightlyCost": 0
  },
  {
    "countryCode": "PW",
    "countryName": "Palau",
    "continent": "Oceania",
    "region": "East Asia & Pacific",
    "currencyCode": "USD",
    "currencyName": "US Dollar",
    "flagEmoji": "🇵🇼",
    "baselineCost": 0,
    "nightlyCost": 0
  },
  {
    "countryCode": "PS",
    "countryName": "Palestine",
    "continent": "Asia",
    "region": "Middle East & North Africa",
    "currencyCode": "USD",
    "currencyName": "No universal currency",
    "flagEmoji": "🇵🇸",
    "baselineCost": 0,
    "nightlyCost": 0
  },
  {
    "countryCode": "PA",
    "countryName": "Panama",
    "continent": "North America",
    "region": "Latin America & Caribbean",
    "currencyCode": "PAB",
    "currencyName": "Balboa",
    "flagEmoji": "🇵🇦",
    "baselineCost": 0,
    "nightlyCost": 0
  },
  {
    "countryCode": "PG",
    "countryName": "Papua New Guinea",
    "continent": "Oceania",
    "region": "East Asia & Pacific",
    "currencyCode": "PGK",
    "currencyName": "Kina",
    "flagEmoji": "🇵🇬",
    "baselineCost": 0,
    "nightlyCost": 0
  },
  {
    "countryCode": "PY",
    "countryName": "Paraguay",
    "continent": "South America",
    "region": "Latin America & Caribbean",
    "currencyCode": "PYG",
    "currencyName": "Guarani",
    "flagEmoji": "🇵🇾",
    "baselineCost": 0,
    "nightlyCost": 0
  },
  {
    "countryCode": "PE",
    "countryName": "Peru",
    "continent": "South America",
    "region": "Latin America & Caribbean",
    "currencyCode": "PEN",
    "currencyName": "Sol",
    "flagEmoji": "🇵🇪",
    "baselineCost": 0,
    "nightlyCost": 0
  },
  {
    "countryCode": "PH",
    "countryName": "Philippines",
    "continent": "Asia",
    "region": "East Asia & Pacific",
    "currencyCode": "PHP",
    "currencyName": "Philippine Peso",
    "flagEmoji": "🇵🇭",
    "baselineCost": 0,
    "nightlyCost": 0
  },
  {
    "countryCode": "PN",
    "countryName": "Pitcairn Islands",
    "continent": "Oceania",
    "region": "East Asia & Pacific",
    "currencyCode": "NZD",
    "currencyName": "New Zealand Dollar",
    "flagEmoji": "🇵🇳",
    "baselineCost": 0,
    "nightlyCost": 0
  },
  {
    "countryCode": "PL",
    "countryName": "Poland",
    "continent": "Europe",
    "region": "Europe & Central Asia",
    "currencyCode": "PLN",
    "currencyName": "Zloty",
    "flagEmoji": "🇵🇱",
    "baselineCost": 0,
    "nightlyCost": 0
  },
  {
    "countryCode": "PT",
    "countryName": "Portugal",
    "continent": "Europe",
    "region": "Europe & Central Asia",
    "currencyCode": "EUR",
    "currencyName": "Euro",
    "flagEmoji": "🇵🇹",
    "baselineCost": 0,
    "nightlyCost": 0
  },
  {
    "countryCode": "PR",
    "countryName": "Puerto Rico",
    "continent": "North America",
    "region": "Latin America & Caribbean",
    "currencyCode": "USD",
    "currencyName": "US Dollar",
    "flagEmoji": "🇵🇷",
    "baselineCost": 0,
    "nightlyCost": 0
  },
  {
    "countryCode": "QA",
    "countryName": "Qatar",
    "continent": "Asia",
    "region": "Middle East & North Africa",
    "currencyCode": "QAR",
    "currencyName": "Qatari Rial",
    "flagEmoji": "🇶🇦",
    "baselineCost": 0,
    "nightlyCost": 0
  },
  {
    "countryCode": "CV",
    "countryName": "Republic of Cabo Verde",
    "continent": "Africa",
    "region": "Sub-Saharan Africa",
    "currencyCode": "CVE",
    "currencyName": "Cabo Verde Escudo",
    "flagEmoji": "🇨🇻",
    "baselineCost": 0,
    "nightlyCost": 0
  },
  {
    "countryCode": "KR",
    "countryName": "Republic of Korea",
    "continent": "Asia",
    "region": "East Asia & Pacific",
    "currencyCode": "KRW",
    "currencyName": "Won",
    "flagEmoji": "🇰🇷",
    "baselineCost": 0,
    "nightlyCost": 0
  },
  {
    "countryCode": "CG",
    "countryName": "Republic of the Congo",
    "continent": "Africa",
    "region": "Sub-Saharan Africa",
    "currencyCode": "XAF",
    "currencyName": "CFA Franc BEAC",
    "flagEmoji": "🇨🇬",
    "baselineCost": 0,
    "nightlyCost": 0
  },
  {
    "countryCode": "RO",
    "countryName": "Romania",
    "continent": "Europe",
    "region": "Europe & Central Asia",
    "currencyCode": "RON",
    "currencyName": "Romanian Leu",
    "flagEmoji": "🇷🇴",
    "baselineCost": 0,
    "nightlyCost": 0
  },
  {
    "countryCode": "RU",
    "countryName": "Russian Federation",
    "continent": "Europe",
    "region": "Europe & Central Asia",
    "currencyCode": "RUB",
    "currencyName": "Russian Ruble",
    "flagEmoji": "🇷🇺",
    "baselineCost": 0,
    "nightlyCost": 0
  },
  {
    "countryCode": "RW",
    "countryName": "Rwanda",
    "continent": "Africa",
    "region": "Sub-Saharan Africa",
    "currencyCode": "RWF",
    "currencyName": "Rwanda Franc",
    "flagEmoji": "🇷🇼",
    "baselineCost": 0,
    "nightlyCost": 0
  },
  {
    "countryCode": "RE",
    "countryName": "Réunion",
    "continent": "Africa",
    "region": "Sub-Saharan Africa",
    "currencyCode": "EUR",
    "currencyName": "Euro",
    "flagEmoji": "🇷🇪",
    "baselineCost": 0,
    "nightlyCost": 0
  },
  {
    "countryCode": "SH",
    "countryName": "Saint Helena",
    "continent": "Africa",
    "region": "Sub-Saharan Africa",
    "currencyCode": "SHP",
    "currencyName": "Saint Helena Pound",
    "flagEmoji": "🇸🇭",
    "baselineCost": 0,
    "nightlyCost": 0
  },
  {
    "countryCode": "KN",
    "countryName": "Saint Kitts and Nevis",
    "continent": "North America",
    "region": "Latin America & Caribbean",
    "currencyCode": "XCD",
    "currencyName": "East Caribbean Dollar",
    "flagEmoji": "🇰🇳",
    "baselineCost": 0,
    "nightlyCost": 0
  },
  {
    "countryCode": "LC",
    "countryName": "Saint Lucia",
    "continent": "North America",
    "region": "Latin America & Caribbean",
    "currencyCode": "XCD",
    "currencyName": "East Caribbean Dollar",
    "flagEmoji": "🇱🇨",
    "baselineCost": 0,
    "nightlyCost": 0
  },
  {
    "countryCode": "PM",
    "countryName": "Saint Pierre and Miquelon",
    "continent": "North America",
    "region": "North America",
    "currencyCode": "EUR",
    "currencyName": "Euro",
    "flagEmoji": "🇵🇲",
    "baselineCost": 0,
    "nightlyCost": 0
  },
  {
    "countryCode": "VC",
    "countryName": "Saint Vincent and the Grenadines",
    "continent": "North America",
    "region": "Latin America & Caribbean",
    "currencyCode": "XCD",
    "currencyName": "East Caribbean Dollar",
    "flagEmoji": "🇻🇨",
    "baselineCost": 0,
    "nightlyCost": 0
  },
  {
    "countryCode": "BL",
    "countryName": "Saint-Barthélemy",
    "continent": "North America",
    "region": "Latin America & Caribbean",
    "currencyCode": "EUR",
    "currencyName": "Euro",
    "flagEmoji": "🇧🇱",
    "baselineCost": 0,
    "nightlyCost": 0
  },
  {
    "countryCode": "MF",
    "countryName": "Saint-Martin",
    "continent": "North America",
    "region": "Latin America & Caribbean",
    "currencyCode": "EUR",
    "currencyName": "Euro",
    "flagEmoji": "🇲🇫",
    "baselineCost": 0,
    "nightlyCost": 0
  },
  {
    "countryCode": "WS",
    "countryName": "Samoa",
    "continent": "Oceania",
    "region": "East Asia & Pacific",
    "currencyCode": "WST",
    "currencyName": "Tala",
    "flagEmoji": "🇼🇸",
    "baselineCost": 0,
    "nightlyCost": 0
  },
  {
    "countryCode": "SM",
    "countryName": "San Marino",
    "continent": "Europe",
    "region": "Europe & Central Asia",
    "currencyCode": "EUR",
    "currencyName": "Euro",
    "flagEmoji": "🇸🇲",
    "baselineCost": 0,
    "nightlyCost": 0
  },
  {
    "countryCode": "SA",
    "countryName": "Saudi Arabia",
    "continent": "Asia",
    "region": "Middle East & North Africa",
    "currencyCode": "SAR",
    "currencyName": "Saudi Riyal",
    "flagEmoji": "🇸🇦",
    "baselineCost": 0,
    "nightlyCost": 0
  },
  {
    "countryCode": "SN",
    "countryName": "Senegal",
    "continent": "Africa",
    "region": "Sub-Saharan Africa",
    "currencyCode": "XOF",
    "currencyName": "CFA Franc BCEAO",
    "flagEmoji": "🇸🇳",
    "baselineCost": 0,
    "nightlyCost": 0
  },
  {
    "countryCode": "RS",
    "countryName": "Serbia",
    "continent": "Europe",
    "region": "Europe & Central Asia",
    "currencyCode": "RSD",
    "currencyName": "Serbian Dinar",
    "flagEmoji": "🇷🇸",
    "baselineCost": 0,
    "nightlyCost": 0
  },
  {
    "countryCode": "SC",
    "countryName": "Seychelles",
    "continent": "Africa",
    "region": "Sub-Saharan Africa",
    "currencyCode": "SCR",
    "currencyName": "Seychelles Rupee",
    "flagEmoji": "🇸🇨",
    "baselineCost": 0,
    "nightlyCost": 0
  },
  {
    "countryCode": "SL",
    "countryName": "Sierra Leone",
    "continent": "Africa",
    "region": "Sub-Saharan Africa",
    "currencyCode": "SLE",
    "currencyName": "Leone",
    "flagEmoji": "🇸🇱",
    "baselineCost": 0,
    "nightlyCost": 0
  },
  {
    "countryCode": "SG",
    "countryName": "Singapore",
    "continent": "Asia",
    "region": "East Asia & Pacific",
    "currencyCode": "SGD",
    "currencyName": "Singapore Dollar",
    "flagEmoji": "🇸🇬",
    "baselineCost": 0,
    "nightlyCost": 0
  },
  {
    "countryCode": "SX",
    "countryName": "Sint Maarten",
    "continent": "North America",
    "region": "Latin America & Caribbean",
    "currencyCode": "XCG",
    "currencyName": "Caribbean Guilder",
    "flagEmoji": "🇸🇽",
    "baselineCost": 0,
    "nightlyCost": 0
  },
  {
    "countryCode": "SK",
    "countryName": "Slovakia",
    "continent": "Europe",
    "region": "Europe & Central Asia",
    "currencyCode": "EUR",
    "currencyName": "Euro",
    "flagEmoji": "🇸🇰",
    "baselineCost": 0,
    "nightlyCost": 0
  },
  {
    "countryCode": "SI",
    "countryName": "Slovenia",
    "continent": "Europe",
    "region": "Europe & Central Asia",
    "currencyCode": "EUR",
    "currencyName": "Euro",
    "flagEmoji": "🇸🇮",
    "baselineCost": 0,
    "nightlyCost": 0
  },
  {
    "countryCode": "SB",
    "countryName": "Solomon Islands",
    "continent": "Oceania",
    "region": "East Asia & Pacific",
    "currencyCode": "SBD",
    "currencyName": "Solomon Islands Dollar",
    "flagEmoji": "🇸🇧",
    "baselineCost": 0,
    "nightlyCost": 0
  },
  {
    "countryCode": "SO",
    "countryName": "Somalia",
    "continent": "Africa",
    "region": "Sub-Saharan Africa",
    "currencyCode": "SOS",
    "currencyName": "Somali Shilling",
    "flagEmoji": "🇸🇴",
    "baselineCost": 0,
    "nightlyCost": 0
  },
  {
    "countryCode": "ZA",
    "countryName": "South Africa",
    "continent": "Africa",
    "region": "Sub-Saharan Africa",
    "currencyCode": "ZAR",
    "currencyName": "Rand",
    "flagEmoji": "🇿🇦",
    "baselineCost": 0,
    "nightlyCost": 0
  },
  {
    "countryCode": "GS",
    "countryName": "South Georgia and the Islands",
    "continent": "Antarctica",
    "region": "Latin America & Caribbean",
    "currencyCode": "USD",
    "currencyName": "No universal currency",
    "flagEmoji": "🇬🇸",
    "baselineCost": 0,
    "nightlyCost": 0
  },
  {
    "countryCode": "SS",
    "countryName": "South Sudan",
    "continent": "Africa",
    "region": "Sub-Saharan Africa",
    "currencyCode": "SSP",
    "currencyName": "South Sudanese Pound",
    "flagEmoji": "🇸🇸",
    "baselineCost": 0,
    "nightlyCost": 0
  },
  {
    "countryCode": "ES",
    "countryName": "Spain",
    "continent": "Europe",
    "region": "Europe & Central Asia",
    "currencyCode": "EUR",
    "currencyName": "Euro",
    "flagEmoji": "🇪🇸",
    "baselineCost": 0,
    "nightlyCost": 0
  },
  {
    "countryCode": "LK",
    "countryName": "Sri Lanka",
    "continent": "Asia",
    "region": "South Asia",
    "currencyCode": "LKR",
    "currencyName": "Sri Lanka Rupee",
    "flagEmoji": "🇱🇰",
    "baselineCost": 0,
    "nightlyCost": 0
  },
  {
    "countryCode": "SD",
    "countryName": "Sudan",
    "continent": "Africa",
    "region": "Sub-Saharan Africa",
    "currencyCode": "SDG",
    "currencyName": "Sudanese Pound",
    "flagEmoji": "🇸🇩",
    "baselineCost": 0,
    "nightlyCost": 0
  },
  {
    "countryCode": "SR",
    "countryName": "Suriname",
    "continent": "South America",
    "region": "Latin America & Caribbean",
    "currencyCode": "SRD",
    "currencyName": "Surinam Dollar",
    "flagEmoji": "🇸🇷",
    "baselineCost": 0,
    "nightlyCost": 0
  },
  {
    "countryCode": "SJ",
    "countryName": "Svalbard and Jan Mayen",
    "continent": "Europe",
    "region": "Europe & Central Asia",
    "currencyCode": "NOK",
    "currencyName": "Norwegian Krone",
    "flagEmoji": "🇸🇯",
    "baselineCost": 0,
    "nightlyCost": 0
  },
  {
    "countryCode": "SE",
    "countryName": "Sweden",
    "continent": "Europe",
    "region": "Europe & Central Asia",
    "currencyCode": "SEK",
    "currencyName": "Swedish Krona",
    "flagEmoji": "🇸🇪",
    "baselineCost": 0,
    "nightlyCost": 0
  },
  {
    "countryCode": "CH",
    "countryName": "Switzerland",
    "continent": "Europe",
    "region": "Europe & Central Asia",
    "currencyCode": "CHF",
    "currencyName": "Swiss Franc",
    "flagEmoji": "🇨🇭",
    "baselineCost": 0,
    "nightlyCost": 0
  },
  {
    "countryCode": "SY",
    "countryName": "Syria",
    "continent": "Asia",
    "region": "Middle East & North Africa",
    "currencyCode": "SYP",
    "currencyName": "Syrian Pound",
    "flagEmoji": "🇸🇾",
    "baselineCost": 0,
    "nightlyCost": 0
  },
  {
    "countryCode": "ST",
    "countryName": "São Tomé and Principe",
    "continent": "Africa",
    "region": "Sub-Saharan Africa",
    "currencyCode": "STN",
    "currencyName": "Dobra",
    "flagEmoji": "🇸🇹",
    "baselineCost": 0,
    "nightlyCost": 0
  },
  {
    "countryCode": "TW",
    "countryName": "Taiwan",
    "continent": "Asia",
    "region": "East Asia & Pacific",
    "currencyCode": "TWD",
    "currencyName": "New Taiwan Dollar",
    "flagEmoji": "🇹🇼",
    "baselineCost": 0,
    "nightlyCost": 0
  },
  {
    "countryCode": "TJ",
    "countryName": "Tajikistan",
    "continent": "Asia",
    "region": "Europe & Central Asia",
    "currencyCode": "TJS",
    "currencyName": "Somoni",
    "flagEmoji": "🇹🇯",
    "baselineCost": 0,
    "nightlyCost": 0
  },
  {
    "countryCode": "TZ",
    "countryName": "Tanzania",
    "continent": "Africa",
    "region": "Sub-Saharan Africa",
    "currencyCode": "TZS",
    "currencyName": "Tanzanian Shilling",
    "flagEmoji": "🇹🇿",
    "baselineCost": 0,
    "nightlyCost": 0
  },
  {
    "countryCode": "TH",
    "countryName": "Thailand",
    "continent": "Asia",
    "region": "East Asia & Pacific",
    "currencyCode": "THB",
    "currencyName": "Baht",
    "flagEmoji": "🇹🇭",
    "baselineCost": 0,
    "nightlyCost": 0
  },
  {
    "countryCode": "GM",
    "countryName": "The Gambia",
    "continent": "Africa",
    "region": "Sub-Saharan Africa",
    "currencyCode": "GMD",
    "currencyName": "Dalasi",
    "flagEmoji": "🇬🇲",
    "baselineCost": 0,
    "nightlyCost": 0
  },
  {
    "countryCode": "TL",
    "countryName": "Timor-Leste",
    "continent": "Asia",
    "region": "East Asia & Pacific",
    "currencyCode": "USD",
    "currencyName": "US Dollar",
    "flagEmoji": "🇹🇱",
    "baselineCost": 0,
    "nightlyCost": 0
  },
  {
    "countryCode": "TG",
    "countryName": "Togo",
    "continent": "Africa",
    "region": "Sub-Saharan Africa",
    "currencyCode": "XOF",
    "currencyName": "CFA Franc BCEAO",
    "flagEmoji": "🇹🇬",
    "baselineCost": 0,
    "nightlyCost": 0
  },
  {
    "countryCode": "TK",
    "countryName": "Tokelau",
    "continent": "Oceania",
    "region": "East Asia & Pacific",
    "currencyCode": "NZD",
    "currencyName": "New Zealand Dollar",
    "flagEmoji": "🇹🇰",
    "baselineCost": 0,
    "nightlyCost": 0
  },
  {
    "countryCode": "TO",
    "countryName": "Tonga",
    "continent": "Oceania",
    "region": "East Asia & Pacific",
    "currencyCode": "TOP",
    "currencyName": "Pa’anga",
    "flagEmoji": "🇹🇴",
    "baselineCost": 0,
    "nightlyCost": 0
  },
  {
    "countryCode": "TT",
    "countryName": "Trinidad and Tobago",
    "continent": "North America",
    "region": "Latin America & Caribbean",
    "currencyCode": "TTD",
    "currencyName": "Trinidad and Tobago Dollar",
    "flagEmoji": "🇹🇹",
    "baselineCost": 0,
    "nightlyCost": 0
  },
  {
    "countryCode": "TN",
    "countryName": "Tunisia",
    "continent": "Africa",
    "region": "Middle East & North Africa",
    "currencyCode": "TND",
    "currencyName": "Tunisian Dinar",
    "flagEmoji": "🇹🇳",
    "baselineCost": 0,
    "nightlyCost": 0
  },
  {
    "countryCode": "TR",
    "countryName": "Turkey",
    "continent": "Asia",
    "region": "Europe & Central Asia",
    "currencyCode": "TRY",
    "currencyName": "Turkish Lira",
    "flagEmoji": "🇹🇷",
    "baselineCost": 0,
    "nightlyCost": 0
  },
  {
    "countryCode": "TM",
    "countryName": "Turkmenistan",
    "continent": "Asia",
    "region": "Europe & Central Asia",
    "currencyCode": "TMT",
    "currencyName": "Turkmenistan New Manat",
    "flagEmoji": "🇹🇲",
    "baselineCost": 0,
    "nightlyCost": 0
  },
  {
    "countryCode": "TC",
    "countryName": "Turks and Caicos Islands",
    "continent": "North America",
    "region": "Latin America & Caribbean",
    "currencyCode": "USD",
    "currencyName": "US Dollar",
    "flagEmoji": "🇹🇨",
    "baselineCost": 0,
    "nightlyCost": 0
  },
  {
    "countryCode": "TV",
    "countryName": "Tuvalu",
    "continent": "Oceania",
    "region": "East Asia & Pacific",
    "currencyCode": "AUD",
    "currencyName": "Australian Dollar",
    "flagEmoji": "🇹🇻",
    "baselineCost": 0,
    "nightlyCost": 0
  },
  {
    "countryCode": "UG",
    "countryName": "Uganda",
    "continent": "Africa",
    "region": "Sub-Saharan Africa",
    "currencyCode": "UGX",
    "currencyName": "Uganda Shilling",
    "flagEmoji": "🇺🇬",
    "baselineCost": 0,
    "nightlyCost": 0
  },
  {
    "countryCode": "UA",
    "countryName": "Ukraine",
    "continent": "Europe",
    "region": "Europe & Central Asia",
    "currencyCode": "UAH",
    "currencyName": "Hryvnia",
    "flagEmoji": "🇺🇦",
    "baselineCost": 0,
    "nightlyCost": 0
  },
  {
    "countryCode": "AE",
    "countryName": "United Arab Emirates",
    "continent": "Asia",
    "region": "Middle East & North Africa",
    "currencyCode": "AED",
    "currencyName": "UAE Dirham",
    "flagEmoji": "🇦🇪",
    "baselineCost": 0,
    "nightlyCost": 0
  },
  {
    "countryCode": "GB",
    "countryName": "United Kingdom",
    "continent": "Europe",
    "region": "Europe & Central Asia",
    "currencyCode": "GBP",
    "currencyName": "Pound Sterling",
    "flagEmoji": "🇬🇧",
    "baselineCost": 0,
    "nightlyCost": 0
  },
  {
    "countryCode": "US",
    "countryName": "United States",
    "continent": "North America",
    "region": "North America",
    "currencyCode": "USD",
    "currencyName": "US Dollar",
    "flagEmoji": "🇺🇸",
    "baselineCost": 0,
    "nightlyCost": 0
  },
  {
    "countryCode": "UM",
    "countryName": "United States Minor Outlying Islands",
    "continent": "Oceania",
    "region": "East Asia & Pacific",
    "currencyCode": "USD",
    "currencyName": "US Dollar",
    "flagEmoji": "🇺🇲",
    "baselineCost": 0,
    "nightlyCost": 0
  },
  {
    "countryCode": "VI",
    "countryName": "United States Virgin Islands",
    "continent": "North America",
    "region": "Latin America & Caribbean",
    "currencyCode": "USD",
    "currencyName": "US Dollar",
    "flagEmoji": "🇻🇮",
    "baselineCost": 0,
    "nightlyCost": 0
  },
  {
    "countryCode": "UY",
    "countryName": "Uruguay",
    "continent": "South America",
    "region": "Latin America & Caribbean",
    "currencyCode": "UYU",
    "currencyName": "Peso Uruguayo",
    "flagEmoji": "🇺🇾",
    "baselineCost": 0,
    "nightlyCost": 0
  },
  {
    "countryCode": "UZ",
    "countryName": "Uzbekistan",
    "continent": "Asia",
    "region": "Europe & Central Asia",
    "currencyCode": "UZS",
    "currencyName": "Uzbekistan Sum",
    "flagEmoji": "🇺🇿",
    "baselineCost": 0,
    "nightlyCost": 0
  },
  {
    "countryCode": "VU",
    "countryName": "Vanuatu",
    "continent": "Oceania",
    "region": "East Asia & Pacific",
    "currencyCode": "VUV",
    "currencyName": "Vatu",
    "flagEmoji": "🇻🇺",
    "baselineCost": 0,
    "nightlyCost": 0
  },
  {
    "countryCode": "VA",
    "countryName": "Vatican",
    "continent": "Europe",
    "region": "Europe & Central Asia",
    "currencyCode": "EUR",
    "currencyName": "Euro",
    "flagEmoji": "🇻🇦",
    "baselineCost": 0,
    "nightlyCost": 0
  },
  {
    "countryCode": "VE",
    "countryName": "Venezuela",
    "continent": "South America",
    "region": "Latin America & Caribbean",
    "currencyCode": "VES",
    "currencyName": "Bolívar Soberano",
    "flagEmoji": "🇻🇪",
    "baselineCost": 0,
    "nightlyCost": 0
  },
  {
    "countryCode": "VN",
    "countryName": "Vietnam",
    "continent": "Asia",
    "region": "East Asia & Pacific",
    "currencyCode": "VND",
    "currencyName": "Dong",
    "flagEmoji": "🇻🇳",
    "baselineCost": 0,
    "nightlyCost": 0
  },
  {
    "countryCode": "WF",
    "countryName": "Wallis and Futuna Islands",
    "continent": "Oceania",
    "region": "East Asia & Pacific",
    "currencyCode": "XPF",
    "currencyName": "CFP Franc",
    "flagEmoji": "🇼🇫",
    "baselineCost": 0,
    "nightlyCost": 0
  },
  {
    "countryCode": "EH",
    "countryName": "Western Sahara",
    "continent": "Africa",
    "region": "Middle East & North Africa",
    "currencyCode": "MAD",
    "currencyName": "Moroccan Dirham",
    "flagEmoji": "🇪🇭",
    "baselineCost": 0,
    "nightlyCost": 0
  },
  {
    "countryCode": "YE",
    "countryName": "Yemen",
    "continent": "Asia",
    "region": "Middle East & North Africa",
    "currencyCode": "YER",
    "currencyName": "Yemeni Rial",
    "flagEmoji": "🇾🇪",
    "baselineCost": 0,
    "nightlyCost": 0
  },
  {
    "countryCode": "ZM",
    "countryName": "Zambia",
    "continent": "Africa",
    "region": "Sub-Saharan Africa",
    "currencyCode": "ZMW",
    "currencyName": "Zambian Kwacha",
    "flagEmoji": "🇿🇲",
    "baselineCost": 0,
    "nightlyCost": 0
  },
  {
    "countryCode": "ZW",
    "countryName": "Zimbabwe",
    "continent": "Africa",
    "region": "Sub-Saharan Africa",
    "currencyCode": "ZWG",
    "currencyName": "Zimbabwe Gold",
    "flagEmoji": "🇿🇼",
    "baselineCost": 0,
    "nightlyCost": 0
  },
  {
    "countryCode": "AX",
    "countryName": "Åland Islands",
    "continent": "Europe",
    "region": "Europe & Central Asia",
    "currencyCode": "EUR",
    "currencyName": "Euro",
    "flagEmoji": "🇦🇽",
    "baselineCost": 0,
    "nightlyCost": 0
  }
]
